,top1,top5,top10,target scores,margins,maximum other scores
YYYVAQIM,17.0,15.8,14.6,2.52,1.01,1.51
APASVRNA,17.0,16.8,16.3,2.23,0.8,1.43
QRKIRIKG,19.0,16.6,15.4,2.03,0.6399999999999999,1.39
RPQAVVKM,19.0,16.4,15.5,2.11,0.69,1.42
ARSVRLGG,19.0,17.8,17.1,1.66,0.7599999999999999,0.9
KPVAMTKM,20.0,19.2,18.1,1.66,0.4399999999999999,1.22
RLAPLASS,20.0,18.4,17.2,2.54,1.05,1.49
FAISMVVK,20.0,17.4,15.9,2.13,0.8199999999999998,1.31
RPVAYANR,21.0,19.4,18.0,2.18,1.4400000000000002,0.74
GPFFLRKT,21.0,18.2,16.7,1.83,0.4599999999999999,1.37
IPQAVVKT,21.0,17.6,16.6,1.86,0.78,1.08
RVYLLSDL,21.0,18.8,17.5,1.68,0.4199999999999999,1.26
APAEVMNS,21.0,19.4,18.4,1.93,0.78,1.15
VPWSVTYR,21.0,18.2,16.7,1.79,0.99,0.8
VPWSVRKI,22.0,18.4,16.6,2.22,1.31,0.91
APLPVYLN,22.0,19.6,17.9,1.86,0.6900000000000002,1.17
APASVRNQ,22.0,17.8,16.7,1.91,1.0,0.91
PPFSNRAK,22.0,20.0,17.1,2.01,0.5599999999999998,1.45
QPFALSNP,22.0,21.2,19.7,2.64,1.08,1.56
SPVFLTKK,23.0,22.4,21.2,1.74,0.85,0.89
ARPWKSVA,23.0,17.8,16.3,1.79,0.55,1.24
SPVAMTKN,23.0,21.0,18.5,1.71,0.5999999999999999,1.11
PPFRLNWT,23.0,18.8,17.5,1.95,0.4099999999999999,1.54
MPWSVVLT,23.0,18.2,16.6,1.87,0.6700000000000002,1.2
APAEVLGG,24.0,22.2,20.8,1.75,0.99,0.76
LAVPAANT,24.0,20.2,18.7,1.83,1.2200000000000002,0.61
WIATLRGP,24.0,21.8,19.7,2.06,0.81,1.25
VPVPMVYK,24.0,20.4,17.4,1.95,0.6199999999999999,1.33
NRKNRQIQ,26.0,20.2,18.4,1.88,0.48,1.4
VPFMILNN,26.0,22.8,20.3,2.4,0.8899999999999999,1.51
